BookingID,CarModel,CustomerAge,BookingDate,ReturnDate,City,RentalCost,PaymentMethod
BOOK1000,Ford,62,2023-07-29,2023-06-19,New York,412.09,Credit Card
BOOK1001,Toyota,44,2023-01-19,2023-04-19,Chicago,262.62,Online
BOOK1002,BMW,37,2023-07-15,2023-05-28,New York,497.5,Cash
BOOK1003,Toyota,20,2023-11-22,2023-06-26,Phoenix,244.85,Debit Card
BOOK1004,Toyota,33,2023-04-25,2023-07-09,New York,61.96,Online
BOOK1005,Toyota,56,2023-12-18,2023-06-10,Los Angeles,350.81,Online
BOOK1006,Tesla,61,2023-03-16,2023-10-30,Houston,51.92,Online
BOOK1007,Toyota,46,2023-05-30,2023-12-15,Chicago,147.74,Online
BOOK1008,BMW,32,2023-02-05,2023-03-16,Los Angeles,196.26,Credit Card
BOOK1009,Tesla,47,2023-08-30,2023-12-19,Houston,377.56,Credit Card
BOOK1010,BMW,57,2023-05-31,2023-01-19,Phoenix,262.29,Debit Card
BOOK1011,Tesla,66,2023-03-04,2023-05-21,Phoenix,43.46,Cash
BOOK1012,Honda,18,2023-06-03,2023-04-26,Phoenix,319.92,Cash
BOOK1013,Honda,46,2023-07-07,2023-11-25,New York,223.38,Debit Card
BOOK1014,Honda,47,2023-08-11,2023-08-14,Phoenix,463.26,Cash
BOOK1015,Honda,57,2023-04-03,2023-02-16,Phoenix,264.79,Credit Card
BOOK1016,Tesla,63,2023-01-05,2023-02-08,New York,363.22,Online
BOOK1017,Toyota,49,2023-06-15,2023-07-26,Houston,132.87,Cash
BOOK1018,Ford,27,2023-01-25,2023-01-10,Los Angeles,387.66,Online
BOOK1019,Ford,44,2023-04-08,2023-09-11,Chicago,368.85,Online
BOOK1020,Honda,68,2023-09-25,2023-04-19,Phoenix,454.92,Credit Card
BOOK1021,Toyota,25,2023-05-30,2023-04-09,Phoenix,45.9,Online
BOOK1022,BMW,68,2023-09-09,2023-10-03,Phoenix,240.33,Cash
BOOK1023,Toyota,53,2023-03-25,2023-03-13,New York,349.2,Credit Card
BOOK1024,BMW,59,2023-10-12,2023-02-09,New York,74.73,Debit Card
BOOK1025,Ford,52,2023-06-21,2023-10-26,New York,222.98,Credit Card
BOOK1026,Toyota,53,2023-08-09,2023-04-01,Chicago,472.81,Cash
BOOK1027,Toyota,65,2023-04-19,2023-08-08,Los Angeles,234.89,Credit Card
BOOK1028,Ford,53,2023-01-27,2023-04-18,Phoenix,493.14,Cash
BOOK1029,Toyota,42,2023-09-03,2023-04-07,Houston,56.71,Cash
BOOK1030,BMW,37,2023-02-24,2023-02-02,Phoenix,367.38,Credit Card
BOOK1031,Toyota,69,2023-05-13,2023-05-07,Phoenix,303.08,Cash
BOOK1032,BMW,62,2023-02-21,2023-05-28,Phoenix,265.25,Debit Card
BOOK1033,Honda,34,2023-09-10,2023-10-08,Phoenix,486.3,Cash
BOOK1034,Toyota,40,2023-09-26,2023-01-25,Los Angeles,90.94,Debit Card
BOOK1035,BMW,42,2023-10-25,2023-07-29,Houston,451.12,Debit Card
BOOK1036,Ford,65,2023-03-20,2023-05-01,New York,354.88,Cash
BOOK1037,Honda,66,2023-01-18,2023-10-02,Houston,151.73,Online
BOOK1038,Toyota,48,2023-11-02,2023-05-21,Phoenix,453.78,Debit Card
BOOK1039,BMW,23,2023-09-15,2023-10-25,Houston,231.77,Debit Card
BOOK1040,Toyota,52,2023-12-09,2023-12-10,Phoenix,412.69,Credit Card
BOOK1041,BMW,69,2023-04-17,2023-03-24,Houston,212.75,Debit Card
BOOK1042,Toyota,21,2023-02-16,2023-07-28,Chicago,429.94,Debit Card
BOOK1043,Honda,57,2023-09-03,2023-02-03,Houston,329.22,Debit Card
BOOK1044,Honda,37,2023-03-30,2023-01-25,New York,96.29,Debit Card
BOOK1045,Toyota,58,2023-07-22,2023-03-03,New York,335.34,Online
BOOK1046,Toyota,18,2023-08-28,2023-11-08,Houston,,Debit Card
BOOK1047,Tesla,62,2023-09-25,2023-07-09,Houston,223.6,Cash
BOOK1048,Toyota,43,2023-01-13,2023-03-26,Los Angeles,110.04,Online
BOOK1049,Toyota,51,2023-05-17,2023-08-14,Houston,40.35,Debit Card
BOOK1050,Honda,27,2023-11-11,2023-06-18,New York,129.59,Cash
BOOK1051,Toyota,40,2023-06-22,2023-07-06,Chicago,282.09,Cash
BOOK1052,Ford,68,2023-08-18,2023-03-14,New York,256.33,Online
BOOK1053,Toyota,66,2023-07-17,2023-03-16,Los Angeles,265.7,Online
BOOK1054,Tesla,41,2023-08-31,2023-12-08,Houston,146.41,Cash
BOOK1055,BMW,30,2023-02-12,2023-06-03,Chicago,352.03,Online
BOOK1056,Honda,46,2023-11-26,2023-04-07,New York,361.0,Online
BOOK1057,Ford,63,2023-10-06,2023-02-23,Chicago,198.24,Credit Card
BOOK1058,BMW,44,2023-03-20,2023-06-24,Phoenix,444.15,Online
BOOK1059,Ford,48,2023-10-06,2023-04-21,New York,332.69,Credit Card
BOOK1060,Honda,60,2023-08-20,2023-11-13,Phoenix,365.13,Online
BOOK1061,Tesla,27,2023-04-11,2023-02-21,Chicago,160.35,Online
BOOK1062,Honda,48,2023-06-11,2023-09-11,Houston,30.29,Cash
BOOK1063,Ford,56,2023-05-24,2023-03-15,Houston,436.73,Credit Card
BOOK1064,Ford,27,2023-04-19,2023-08-01,Houston,416.54,Online
BOOK1065,Honda,41,2023-08-21,2023-08-01,Phoenix,87.9,Debit Card
BOOK1066,Toyota,50,2023-04-21,2023-09-09,Houston,205.83,Online
BOOK1067,Honda,31,2023-08-20,2023-06-18,Los Angeles,340.83,Cash
BOOK1068,Tesla,52,2023-08-26,2023-09-21,New York,336.49,Cash
BOOK1069,Honda,62,2023-07-16,2023-11-28,New York,434.36,Cash
BOOK1070,BMW,51,2023-09-30,2023-08-19,Chicago,95.93,Credit Card
BOOK1071,Toyota,34,2023-03-27,2023-08-28,Phoenix,,Credit Card
BOOK1072,BMW,38,2023-10-22,2023-10-03,New York,75.7,Credit Card
BOOK1073,Honda,49,2023-02-10,2023-05-24,Phoenix,,Debit Card
BOOK1074,Toyota,20,2023-02-17,2023-03-12,Chicago,37.1,Credit Card
BOOK1075,BMW,32,2023-03-18,2023-11-09,Houston,452.19,Cash
BOOK1076,BMW,25,2023-06-27,2023-06-24,Chicago,277.71,Credit Card
BOOK1077,Toyota,49,2023-09-14,2023-12-03,Los Angeles,429.41,Credit Card
BOOK1078,Toyota,55,2023-04-27,2023-04-20,Houston,58.16,Online
BOOK1079,Ford,43,2023-01-19,2023-07-23,Houston,136.91,Credit Card
BOOK1080,Toyota,47,2023-02-28,2023-07-05,Houston,151.91,Online
BOOK1081,Honda,26,2023-07-15,2023-10-19,Chicago,,Credit Card
BOOK1082,Tesla,49,2023-04-17,2023-11-25,Los Angeles,407.35,Online
BOOK1083,Ford,28,2023-10-11,2023-04-03,Phoenix,211.68,Cash
BOOK1084,Toyota,39,2023-02-03,2023-09-17,Chicago,126.19,Credit Card
BOOK1085,Tesla,51,2023-10-22,2023-11-19,New York,60.55,Cash
BOOK1086,Ford,58,2023-09-08,2023-07-26,New York,67.36,Credit Card
BOOK1087,Honda,35,2023-05-06,2023-02-22,Chicago,387.22,Debit Card
BOOK1088,Tesla,36,2023-12-05,2023-12-16,Phoenix,239.06,Debit Card
BOOK1089,Toyota,35,2023-04-16,2023-07-01,New York,371.31,Cash
BOOK1090,Toyota,54,2023-06-29,2023-10-31,Phoenix,350.67,Cash
BOOK1091,Honda,35,2023-04-20,2023-01-04,Houston,93.62,Debit Card
BOOK1092,Ford,29,2023-08-16,2023-03-26,Chicago,97.16,Debit Card
BOOK1093,Tesla,21,2023-05-01,2023-08-03,Houston,385.01,Online
BOOK1094,Honda,64,2023-04-17,2023-02-04,New York,369.0,Credit Card
BOOK1095,Ford,60,2023-05-11,2023-02-20,Phoenix,207.67,Debit Card
BOOK1096,BMW,44,2023-01-23,2023-10-17,Houston,66.39,Cash
BOOK1097,BMW,68,2023-05-25,2023-11-26,New York,35.69,Cash
BOOK1098,Ford,22,2023-11-23,2023-09-17,Los Angeles,165.43,Debit Card
BOOK1099,Toyota,23,2023-06-03,2023-09-16,Houston,34.33,Cash
BOOK1100,Toyota,30,2023-04-17,2023-09-30,Los Angeles,138.13,Credit Card
BOOK1101,BMW,40,2023-05-26,2023-07-02,Los Angeles,227.17,Online
BOOK1102,Toyota,59,2023-09-09,2023-02-03,New York,87.07,Credit Card
BOOK1103,Toyota,42,2023-10-29,2023-09-23,Chicago,,Online
BOOK1104,Ford,63,2023-03-11,2023-11-10,Phoenix,451.33,Online
BOOK1105,Ford,21,2023-01-31,2023-02-10,New York,305.17,Debit Card
BOOK1106,Toyota,69,2023-04-03,2023-11-05,Houston,469.19,Cash
BOOK1107,Ford,49,2023-05-17,2023-07-30,Phoenix,192.54,Online
BOOK1108,Tesla,61,2023-06-12,2023-09-30,Chicago,348.26,Debit Card
BOOK1109,BMW,32,2023-03-22,2023-05-17,New York,126.21,Cash
BOOK1110,Tesla,43,2023-11-12,2023-03-29,Chicago,320.62,Cash
BOOK1111,Tesla,59,2023-03-17,2023-03-02,Houston,90.91,Online
BOOK1112,Toyota,28,2023-03-04,2023-06-14,New York,30.98,Cash
BOOK1113,Toyota,26,2023-04-10,2023-01-04,Houston,467.82,Credit Card
BOOK1114,Tesla,28,2023-02-17,2023-01-16,Phoenix,290.8,Cash
BOOK1115,Tesla,19,2023-03-15,2023-04-13,Phoenix,465.66,Credit Card
BOOK1116,Honda,62,2023-11-10,2023-09-13,Chicago,186.9,Cash
BOOK1117,Honda,44,2023-07-11,2023-08-14,Chicago,184.06,Online
BOOK1118,BMW,43,2023-01-30,2023-07-30,Phoenix,218.31,Online
BOOK1119,Tesla,25,2023-06-06,2023-01-24,Los Angeles,361.84,Debit Card
BOOK1120,Ford,38,2023-09-23,2023-08-24,Phoenix,295.93,Credit Card
BOOK1121,Honda,38,2023-09-13,2023-05-12,New York,464.92,Credit Card
BOOK1122,Toyota,25,2023-02-08,2023-06-08,Houston,41.96,Online
BOOK1123,Tesla,18,2023-02-24,2023-06-23,Phoenix,362.85,Online
BOOK1124,Ford,55,2023-01-28,2023-01-18,Phoenix,185.25,Online
BOOK1125,Ford,30,2023-04-28,2023-11-11,Houston,114.71,Credit Card
BOOK1126,Ford,26,2023-07-28,2023-07-05,Houston,269.89,Debit Card
BOOK1127,Toyota,45,2023-03-16,2023-12-01,New York,267.38,Credit Card
BOOK1128,Honda,23,2023-03-06,2023-07-04,Houston,94.4,Online
BOOK1129,Ford,64,2023-12-03,2023-05-24,Chicago,124.89,Debit Card
BOOK1130,Honda,40,2023-12-22,2023-02-14,Phoenix,221.84,Cash
BOOK1131,BMW,65,2023-04-10,2023-01-13,Houston,222.14,Cash
BOOK1132,Toyota,53,2023-02-15,2023-01-09,New York,179.25,Online
BOOK1133,Honda,34,2023-11-12,2023-03-22,Houston,99.82,Debit Card
BOOK1134,Honda,26,2023-06-05,2023-10-25,Phoenix,32.06,Online
BOOK1135,Ford,29,2023-08-28,2023-06-12,Los Angeles,486.01,Credit Card
BOOK1136,Ford,39,2023-12-19,2023-10-30,Houston,473.44,Credit Card
BOOK1137,Toyota,68,2023-09-16,2023-08-05,Chicago,257.32,Debit Card
BOOK1138,Honda,69,2023-05-16,2023-09-06,Phoenix,497.67,Online
BOOK1139,Tesla,29,2023-07-17,2023-01-30,New York,346.62,Online
BOOK1140,Ford,23,2023-07-06,2023-09-30,Phoenix,62.36,Cash
BOOK1141,Ford,61,2023-04-26,2023-05-14,Los Angeles,85.33,Debit Card
BOOK1142,BMW,26,2023-02-27,2023-01-06,New York,460.57,Online
BOOK1143,Toyota,69,2023-03-11,2023-09-02,Los Angeles,326.12,Credit Card
BOOK1144,Honda,54,2023-04-03,2023-01-31,Los Angeles,426.3,Online
BOOK1145,Honda,20,2023-08-17,2023-04-28,Chicago,452.19,Online
BOOK1146,Honda,51,2023-05-17,2023-06-28,Houston,240.53,Credit Card
BOOK1147,Ford,25,2023-04-15,2023-09-19,Chicago,52.81,Credit Card
BOOK1148,Toyota,27,2023-11-01,2023-08-24,Chicago,118.49,Online
BOOK1149,Honda,64,2023-12-05,2023-05-22,Chicago,61.29,Credit Card
BOOK1150,Tesla,58,2023-01-17,2023-11-02,New York,118.71,Cash
BOOK1151,BMW,59,2023-02-23,2023-12-12,Houston,222.95,Cash
BOOK1152,BMW,60,2023-04-22,2023-02-20,Houston,85.55,Cash
BOOK1153,Honda,26,2023-06-21,2023-09-28,New York,108.36,Credit Card
BOOK1154,Ford,31,2023-11-01,2023-04-19,Chicago,239.54,Credit Card
BOOK1155,BMW,54,2023-05-24,2023-02-16,Chicago,189.88,Credit Card
BOOK1156,BMW,44,2023-03-26,2023-03-24,Los Angeles,249.8,Debit Card
BOOK1157,BMW,58,2023-01-12,2023-05-07,Los Angeles,231.71,Credit Card
BOOK1158,BMW,49,2023-09-09,2023-03-26,Phoenix,332.9,Cash
BOOK1159,Honda,21,2023-08-04,2023-10-18,Los Angeles,470.48,Cash
BOOK1160,Toyota,19,2023-05-06,2023-03-13,Houston,80.7,Cash
BOOK1161,Toyota,68,2023-04-08,2023-06-25,New York,76.65,Debit Card
BOOK1162,Ford,50,2023-10-31,2023-11-13,Chicago,430.82,Online
BOOK1163,Tesla,38,2023-01-28,2023-11-27,Phoenix,268.01,Cash
BOOK1164,Toyota,18,2023-12-02,2023-12-04,Los Angeles,390.21,Debit Card
BOOK1165,Tesla,61,2023-09-23,2023-12-21,Phoenix,131.25,Online
BOOK1166,Toyota,28,2023-02-21,2023-04-02,New York,,Debit Card
BOOK1167,Toyota,18,2023-05-23,2023-12-18,New York,464.21,Debit Card
BOOK1168,Ford,63,2023-05-12,2023-09-07,Phoenix,328.68,Online
BOOK1169,BMW,28,2023-12-12,2023-05-13,Phoenix,79.76,Credit Card
BOOK1170,Ford,24,2023-07-26,2023-06-19,Phoenix,450.79,Credit Card
BOOK1171,Toyota,19,2023-03-03,2023-03-02,Chicago,402.47,Cash
BOOK1172,BMW,32,2023-12-29,2023-12-04,Houston,382.91,Online
BOOK1173,BMW,25,2023-05-12,2023-08-30,Los Angeles,47.26,Cash
BOOK1174,BMW,69,2023-02-10,2023-07-10,Los Angeles,405.51,Debit Card
BOOK1175,Tesla,64,2023-07-20,2023-12-07,Los Angeles,94.84,Credit Card
BOOK1176,Toyota,43,2023-04-09,2023-10-09,Phoenix,134.52,Cash
BOOK1177,Honda,57,2023-11-07,2023-08-21,Phoenix,301.25,Cash
BOOK1178,Ford,59,2023-10-11,2023-10-17,Phoenix,154.54,Credit Card
BOOK1179,Tesla,68,2023-12-23,2023-10-03,Chicago,340.83,Debit Card
BOOK1180,Ford,52,2023-02-16,2023-11-10,Chicago,315.79,Cash
BOOK1181,Honda,69,2023-05-17,2023-01-16,Chicago,80.83,Cash
BOOK1182,BMW,63,2023-05-10,2023-02-11,Chicago,338.33,Online
BOOK1183,Honda,58,2023-07-14,2023-07-28,New York,464.26,Online
BOOK1184,Ford,58,2023-04-27,2023-03-02,Chicago,105.72,Credit Card
BOOK1185,Honda,38,2023-12-30,2024-01-01,Chicago,310.62,Credit Card
BOOK1186,Toyota,55,2023-03-10,2023-08-29,Chicago,190.68,Debit Card
BOOK1187,Honda,25,2023-01-28,2023-04-07,Los Angeles,246.02,Debit Card
BOOK1188,Toyota,60,2023-12-01,2023-10-06,Los Angeles,164.89,Cash
BOOK1189,Honda,49,2023-01-14,2023-06-10,Los Angeles,196.44,Online
BOOK1190,Toyota,25,2023-02-15,2023-10-10,Houston,43.59,Debit Card
BOOK1191,Toyota,61,2023-01-16,2023-07-29,New York,491.33,Cash
BOOK1192,Honda,27,2023-07-28,2023-05-14,Phoenix,323.66,Cash
BOOK1193,Tesla,40,2023-06-07,2023-04-08,Chicago,265.33,Credit Card
BOOK1194,BMW,21,2023-12-03,2023-08-08,Los Angeles,210.35,Online
BOOK1195,BMW,65,2023-08-15,2023-03-13,New York,283.51,Cash
BOOK1196,BMW,69,2023-08-29,2023-10-02,Chicago,,Credit Card
BOOK1197,Toyota,55,2023-02-27,2023-12-18,Houston,199.16,Cash
BOOK1198,BMW,47,2023-10-31,2023-05-15,Phoenix,248.05,Online
BOOK1199,Toyota,58,2023-11-01,2023-03-08,Chicago,159.71,Cash
BOOK1200,Tesla,40,2023-12-11,2023-05-08,Phoenix,114.62,Cash
BOOK1201,Honda,22,2023-05-10,2023-07-25,Chicago,291.6,Debit Card
BOOK1202,Honda,38,2023-08-05,2023-10-26,Houston,426.1,Debit Card
BOOK1203,Toyota,23,2023-01-14,2023-04-28,New York,101.83,Credit Card
BOOK1204,Toyota,66,2023-12-25,2023-09-25,Phoenix,45.39,Cash
BOOK1205,Tesla,34,2023-08-31,2023-10-10,Phoenix,146.0,Credit Card
BOOK1206,BMW,42,2023-05-25,2023-05-30,New York,490.47,Online
BOOK1207,Tesla,41,2023-11-22,2023-07-14,Phoenix,419.52,Credit Card
BOOK1208,Honda,39,2023-04-13,2023-06-18,Los Angeles,310.06,Cash
BOOK1209,Honda,30,2023-08-05,2023-11-09,New York,466.75,Debit Card
BOOK1210,BMW,34,2023-12-24,2023-06-29,Houston,239.28,Debit Card
BOOK1211,Honda,31,2023-03-05,2023-05-29,Chicago,492.14,Credit Card
BOOK1212,Toyota,51,2023-06-07,2023-02-27,Chicago,169.26,Debit Card
BOOK1213,Honda,43,2023-06-11,2023-01-06,New York,142.94,Cash
BOOK1214,Ford,36,2023-01-18,2023-01-15,Los Angeles,,Cash
BOOK1215,BMW,43,2023-08-04,2023-10-08,Houston,207.73,Online
BOOK1216,BMW,20,2023-11-15,2023-11-21,Chicago,324.39,Debit Card
BOOK1217,BMW,19,2023-02-18,2023-11-01,Chicago,173.35,Debit Card
BOOK1218,Ford,45,2023-02-25,2023-08-05,Los Angeles,320.42,Online
BOOK1219,Tesla,19,2023-12-13,2023-06-25,Phoenix,159.6,Credit Card
BOOK1220,Toyota,39,2023-02-27,2023-11-13,New York,53.96,Online
BOOK1221,BMW,24,2023-06-04,2023-01-04,Los Angeles,458.7,Debit Card
BOOK1222,Honda,21,2023-02-24,2023-05-18,Los Angeles,445.11,Credit Card
BOOK1223,Toyota,66,2023-12-07,2023-04-11,Los Angeles,486.28,Cash
BOOK1224,Honda,55,2023-01-19,2023-03-25,Los Angeles,366.77,Cash
BOOK1225,Toyota,56,2023-05-31,2023-10-08,Phoenix,350.88,Online
BOOK1226,Toyota,37,2023-12-25,2023-05-13,Houston,292.73,Cash
BOOK1227,Honda,23,2023-04-18,2023-01-02,Los Angeles,89.19,Debit Card
BOOK1228,Honda,26,2023-02-16,2023-04-27,Los Angeles,118.94,Online
BOOK1229,Toyota,69,2023-07-26,2023-07-22,New York,166.05,Debit Card
BOOK1230,BMW,48,2023-12-29,2023-05-21,Chicago,448.37,Debit Card
BOOK1231,Honda,43,2023-12-06,2023-05-27,Phoenix,111.3,Credit Card
BOOK1232,Ford,53,2023-05-08,2023-09-24,Los Angeles,463.75,Credit Card
BOOK1233,Ford,43,2023-07-04,2023-07-22,Houston,,Credit Card
BOOK1234,Toyota,45,2023-02-27,2023-06-02,Houston,366.32,Cash
BOOK1235,Tesla,22,2023-05-23,2023-08-11,Houston,81.81,Credit Card
BOOK1236,Toyota,68,2023-04-07,2023-03-21,New York,156.45,Debit Card
BOOK1237,Toyota,27,2023-02-16,2023-07-20,Houston,480.5,Online
BOOK1238,BMW,35,2023-07-10,2023-09-08,New York,,Online
BOOK1239,BMW,32,2023-05-20,2023-04-10,Phoenix,169.37,Debit Card
BOOK1240,Tesla,50,2023-04-13,2023-08-02,Houston,122.87,Cash
BOOK1241,Tesla,22,2023-08-19,2023-05-24,Chicago,90.66,Online
BOOK1242,Tesla,54,2023-12-06,2023-07-10,Los Angeles,139.63,Debit Card
BOOK1243,Tesla,57,2023-02-18,2023-10-29,Phoenix,331.89,Debit Card
BOOK1244,Tesla,39,2023-04-22,2023-02-22,Chicago,244.02,Debit Card
BOOK1245,Toyota,39,2023-11-12,2023-04-23,Phoenix,290.27,Online
BOOK1246,Toyota,39,2023-11-18,2023-05-16,Houston,87.51,Online
BOOK1247,Ford,69,2023-03-28,2023-04-23,Phoenix,406.99,Credit Card
BOOK1248,Ford,32,2023-10-09,2023-01-14,Phoenix,398.52,Credit Card
BOOK1249,Honda,34,2023-11-23,2023-10-01,Phoenix,40.15,Debit Card
BOOK1250,Toyota,68,2023-09-09,2023-08-22,New York,210.25,Debit Card
BOOK1251,Tesla,62,2023-03-15,2023-02-14,Chicago,62.32,Debit Card
BOOK1252,Honda,45,2023-02-16,2023-03-15,Houston,402.29,Debit Card
BOOK1253,BMW,39,2023-03-17,2023-09-19,Los Angeles,376.52,Online
BOOK1254,Toyota,38,2023-04-06,2023-08-20,Houston,453.93,Credit Card
BOOK1255,Ford,59,2023-01-31,2023-02-03,Houston,141.11,Cash
BOOK1256,Toyota,34,2023-01-22,2023-03-10,New York,244.46,Debit Card
BOOK1257,Toyota,22,2023-01-17,2023-01-17,New York,116.71,Credit Card
BOOK1258,Toyota,35,2023-07-31,2023-05-31,Phoenix,204.48,Debit Card
BOOK1259,Toyota,34,2023-05-28,2023-10-20,Houston,275.45,Online
BOOK1260,BMW,21,2023-08-23,2023-04-13,Chicago,55.07,Cash
BOOK1261,Ford,24,2023-12-20,2023-07-06,New York,365.99,Credit Card
BOOK1262,Toyota,42,2023-11-01,2023-01-26,New York,285.35,Credit Card
BOOK1263,BMW,54,2023-03-28,2023-03-14,Chicago,419.61,Cash
BOOK1264,Honda,57,2023-02-07,2023-03-23,New York,157.74,Online
BOOK1265,Toyota,57,2023-02-22,2023-03-03,Chicago,454.56,Cash
BOOK1266,BMW,60,2023-01-28,2023-01-19,Los Angeles,499.39,Credit Card
BOOK1267,Tesla,26,2023-03-18,2023-08-31,Chicago,462.07,Cash
BOOK1268,Honda,36,2023-07-19,2023-02-28,Los Angeles,395.61,Online
BOOK1269,Ford,68,2023-06-22,2023-11-29,Phoenix,411.81,Online
BOOK1270,Toyota,26,2023-10-01,2023-02-27,Phoenix,299.66,Debit Card
BOOK1271,Toyota,40,2023-02-19,2023-04-08,New York,119.37,Cash
BOOK1272,BMW,48,2023-12-11,2023-08-04,Chicago,348.21,Cash
BOOK1273,Ford,49,2023-06-26,2023-11-16,New York,,Credit Card
BOOK1274,Tesla,69,2023-10-28,2023-01-13,Chicago,493.13,Online
BOOK1275,Honda,48,2023-08-15,2023-01-12,New York,284.41,Cash
BOOK1276,Ford,34,2023-05-07,2023-06-13,Phoenix,157.54,Credit Card
BOOK1277,Toyota,65,2023-12-15,2023-10-11,Phoenix,351.33,Debit Card
BOOK1278,BMW,56,2023-01-21,2023-08-06,New York,490.31,Cash
BOOK1279,Tesla,39,2023-07-18,2023-12-27,Chicago,113.29,Cash
BOOK1280,BMW,52,2023-07-08,2023-11-20,Houston,183.22,Credit Card
BOOK1281,Honda,47,2023-11-28,2023-08-30,Chicago,284.68,Credit Card
BOOK1282,Ford,68,2023-06-01,2023-12-12,New York,110.0,Online
BOOK1283,BMW,57,2023-06-09,2023-02-15,Chicago,40.44,Online
BOOK1284,BMW,54,2023-12-13,2023-03-23,Los Angeles,,Online
BOOK1285,Toyota,43,2023-04-06,2023-09-13,Chicago,436.72,Cash
BOOK1286,BMW,23,2023-12-18,2023-03-09,Phoenix,50.43,Credit Card
BOOK1287,Tesla,51,2023-03-16,2023-04-13,Phoenix,231.6,Online
BOOK1288,Ford,49,2023-03-23,2023-04-02,Los Angeles,388.23,Cash
BOOK1289,Honda,42,2023-05-08,2023-02-12,Chicago,478.0,Online
BOOK1290,BMW,68,2023-12-25,2023-10-04,Houston,493.17,Debit Card
BOOK1291,Tesla,30,2023-05-13,2023-11-01,Chicago,228.33,Cash
BOOK1292,Honda,55,2023-05-19,2023-10-02,Phoenix,476.68,Online
BOOK1293,Tesla,55,2023-09-03,2023-03-19,Phoenix,46.65,Online
BOOK1294,BMW,19,2023-10-18,2023-08-23,New York,380.58,Debit Card
BOOK1295,BMW,22,2023-04-22,2023-07-22,Phoenix,332.09,Debit Card
BOOK1296,Ford,28,2023-07-22,2023-08-10,New York,,Online
BOOK1297,Toyota,28,2023-06-19,2023-09-20,Phoenix,268.44,Online
BOOK1298,Tesla,41,2023-03-28,2023-02-09,Phoenix,90.89,Credit Card
BOOK1299,Toyota,31,2023-04-29,2023-01-12,Houston,439.65,Online
BOOK1300,Toyota,62,2023-04-08,2023-04-23,New York,198.21,Online
BOOK1301,Honda,47,2023-08-28,2023-04-19,New York,324.24,Credit Card
BOOK1302,Honda,57,2023-12-03,2023-04-05,Phoenix,104.62,Credit Card
BOOK1303,Tesla,64,2023-05-18,2023-11-08,New York,126.9,Online
BOOK1304,Toyota,61,2023-03-23,2023-03-26,Phoenix,496.22,Credit Card
BOOK1305,Ford,52,2023-08-24,2023-02-28,Phoenix,383.95,Cash
BOOK1306,Toyota,38,2023-05-16,2023-10-21,Chicago,482.13,Debit Card
BOOK1307,Honda,22,2023-10-09,2023-01-17,New York,169.05,Cash
BOOK1308,Toyota,55,2023-01-03,2023-11-23,Los Angeles,107.34,Debit Card
BOOK1309,BMW,19,2023-02-28,2023-04-04,New York,266.44,Debit Card
BOOK1310,BMW,57,2023-04-26,2023-06-15,New York,262.49,Online
BOOK1311,Ford,54,2023-05-11,2023-08-04,Houston,112.22,Debit Card
BOOK1312,Tesla,66,2023-07-20,2023-05-25,Los Angeles,374.61,Cash
BOOK1313,Toyota,51,2023-10-19,2023-10-02,Los Angeles,200.04,Online
BOOK1314,BMW,28,2023-12-08,2023-05-19,Houston,117.59,Credit Card
BOOK1315,Tesla,53,2023-04-08,2023-07-24,Houston,186.03,Cash
BOOK1316,BMW,28,2023-08-04,2023-10-30,New York,294.92,Online
BOOK1317,Tesla,26,2023-05-04,2023-07-30,Chicago,371.44,Debit Card
BOOK1318,Tesla,23,2023-03-14,2023-01-20,Houston,256.49,Cash
BOOK1319,BMW,51,2023-05-10,2023-10-22,Los Angeles,277.03,Debit Card
BOOK1320,Honda,64,2023-01-27,2023-10-21,Los Angeles,95.3,Online
BOOK1321,Tesla,54,2023-06-14,2023-10-29,New York,459.9,Online
BOOK1322,Toyota,49,2023-03-09,2023-06-12,Chicago,466.5,Credit Card
BOOK1323,BMW,29,2023-01-14,2023-05-11,Phoenix,351.21,Credit Card
BOOK1324,Honda,62,2023-04-08,2023-02-14,Houston,38.29,Cash
BOOK1325,BMW,49,2023-10-06,2023-12-20,Houston,282.42,Credit Card
BOOK1326,Ford,34,2023-09-04,2023-03-25,New York,325.73,Debit Card
BOOK1327,Toyota,21,2023-04-22,2023-05-05,Chicago,497.49,Debit Card
BOOK1328,Ford,59,2023-07-26,2023-01-28,Los Angeles,498.15,Credit Card
BOOK1329,Tesla,50,2023-12-18,2023-11-01,Los Angeles,433.08,Credit Card
BOOK1330,Tesla,60,2023-11-30,2023-12-17,Phoenix,60.0,Credit Card
BOOK1331,Ford,65,2023-08-21,2023-01-08,Los Angeles,478.04,Cash
BOOK1332,Ford,60,2023-03-02,2023-12-08,Houston,317.95,Cash
BOOK1333,Tesla,26,2023-03-26,2023-07-19,Phoenix,406.42,Debit Card
BOOK1334,Honda,51,2023-07-02,2023-04-23,Chicago,221.38,Cash
BOOK1335,Toyota,56,2023-08-27,2023-03-31,Phoenix,180.24,Cash
BOOK1336,BMW,68,2023-09-07,2023-05-09,Chicago,247.72,Online
BOOK1337,Ford,47,2023-03-12,2023-08-19,Los Angeles,99.03,Debit Card
BOOK1338,Toyota,67,2023-08-16,2023-01-19,New York,197.82,Debit Card
BOOK1339,BMW,37,2023-03-26,2023-10-17,Phoenix,433.08,Credit Card
BOOK1340,BMW,56,2023-11-02,2023-06-11,Phoenix,47.84,Online
BOOK1341,Ford,40,2023-09-28,2023-12-19,Houston,100.91,Credit Card
BOOK1342,Honda,58,2023-10-17,2023-10-09,Houston,88.8,Cash
BOOK1343,Honda,61,2023-08-24,2023-06-16,Chicago,219.45,Debit Card
BOOK1344,Toyota,52,2023-10-18,2023-09-18,New York,498.58,Cash
BOOK1345,Toyota,40,2023-02-08,2023-12-31,Houston,111.48,Cash
BOOK1346,Tesla,65,2023-07-25,2023-07-10,Houston,98.38,Online
BOOK1347,Honda,56,2023-07-02,2023-12-05,Los Angeles,460.08,Online
BOOK1348,Toyota,40,2023-07-06,2023-09-24,Los Angeles,444.56,Debit Card
BOOK1349,Tesla,54,2023-05-13,2023-10-19,Houston,45.15,Debit Card
BOOK1350,BMW,40,2023-01-30,2023-12-22,Chicago,383.3,Online
BOOK1351,Toyota,56,2023-09-12,2023-12-27,New York,338.07,Online
BOOK1352,Tesla,45,2023-05-23,2023-10-07,Houston,390.84,Online
BOOK1353,Honda,36,2023-04-13,2023-08-06,Chicago,262.42,Online
BOOK1354,BMW,66,2023-03-15,2023-11-18,Chicago,495.95,Debit Card
BOOK1355,Toyota,65,2023-02-24,2023-12-05,Houston,50.61,Debit Card
BOOK1356,Honda,47,2023-08-24,2023-07-27,Chicago,140.15,Cash
BOOK1357,BMW,38,2023-03-01,2023-06-03,Phoenix,216.38,Cash
BOOK1358,Ford,41,2023-01-24,2023-07-01,Chicago,241.4,Cash
BOOK1359,Honda,38,2023-01-22,2023-08-01,Houston,463.04,Debit Card
BOOK1360,Ford,43,2023-02-01,2023-10-01,Chicago,293.2,Credit Card
BOOK1361,Toyota,68,2023-12-17,2023-07-23,Houston,51.2,Cash
BOOK1362,Tesla,67,2023-12-05,2023-07-25,Los Angeles,221.7,Credit Card
BOOK1363,Toyota,68,2023-01-03,2023-06-03,Houston,,Credit Card
BOOK1364,Honda,53,2023-03-11,2023-06-20,Chicago,483.78,Credit Card
BOOK1365,Ford,43,2023-06-09,2023-08-30,Houston,311.62,Online
BOOK1366,Ford,50,2023-03-29,2023-10-15,New York,328.76,Debit Card
BOOK1367,BMW,53,2023-12-31,2023-09-03,Houston,365.23,Debit Card
BOOK1368,Toyota,21,2023-02-28,2023-11-18,Houston,391.92,Cash
BOOK1369,Toyota,26,2023-09-09,2023-03-22,New York,328.47,Cash
BOOK1370,Honda,25,2023-08-07,2023-04-03,New York,,Debit Card
BOOK1371,Ford,19,2023-07-20,2023-05-30,New York,440.8,Online
BOOK1372,Honda,46,2023-03-18,2023-01-31,Phoenix,374.1,Debit Card
BOOK1373,Honda,40,2023-09-12,2023-05-04,Houston,,Credit Card
BOOK1374,Ford,23,2023-09-04,2023-11-23,New York,498.38,Debit Card
BOOK1375,Honda,60,2023-09-27,2023-01-30,New York,407.19,Online
BOOK1376,Ford,53,2023-11-03,2023-09-17,Los Angeles,419.7,Debit Card
BOOK1377,Honda,63,2023-05-19,2023-07-06,Phoenix,477.16,Debit Card
BOOK1378,Tesla,38,2023-03-19,2023-03-17,Houston,101.03,Debit Card
BOOK1379,Honda,39,2023-03-21,2023-02-15,Chicago,,Credit Card
BOOK1380,Honda,26,2023-01-10,2023-03-11,Phoenix,302.87,Cash
BOOK1381,Tesla,51,2023-12-02,2023-07-30,Phoenix,184.76,Online
BOOK1382,Toyota,43,2023-05-04,2023-08-28,Los Angeles,424.52,Credit Card
BOOK1383,Ford,18,2023-07-05,2023-12-07,Houston,388.34,Debit Card
BOOK1384,BMW,53,2023-02-03,2023-11-05,Houston,368.82,Debit Card
BOOK1385,Tesla,61,2023-05-01,2023-07-12,New York,498.66,Cash
BOOK1386,Toyota,22,2023-03-21,2023-04-14,New York,151.91,Cash
BOOK1387,Honda,58,2023-07-25,2023-08-30,Phoenix,375.66,Cash
BOOK1388,Toyota,39,2023-02-22,2023-09-11,Los Angeles,289.16,Credit Card
BOOK1389,Tesla,21,2023-06-05,2023-08-09,Houston,,Online
BOOK1390,Honda,65,2023-10-01,2023-12-03,Los Angeles,105.48,Cash
BOOK1391,Toyota,19,2023-12-24,2023-08-06,Chicago,451.07,Debit Card
BOOK1392,BMW,33,2023-05-15,2023-07-22,Houston,309.86,Online
BOOK1393,Ford,33,2023-04-08,2023-01-30,New York,417.72,Debit Card
BOOK1394,Ford,39,2023-08-29,2023-08-01,Phoenix,286.31,Debit Card
BOOK1395,Tesla,60,2023-02-14,2023-06-04,Los Angeles,133.39,Online
BOOK1396,Honda,18,2023-07-18,2023-08-20,New York,188.65,Credit Card
BOOK1397,Honda,32,2023-10-18,2023-04-13,Phoenix,209.32,Online
BOOK1398,Ford,41,2023-04-24,2023-11-12,New York,487.28,Cash
BOOK1399,Toyota,21,2023-10-04,2023-06-27,Houston,32.65,Online
BOOK1400,Honda,35,2023-08-29,2023-07-01,Los Angeles,493.26,Cash
BOOK1401,BMW,34,2023-06-05,2023-08-21,Chicago,490.82,Cash
BOOK1402,BMW,24,2023-12-18,2023-01-13,New York,498.19,Online
BOOK1403,Honda,67,2023-02-13,2023-07-06,Los Angeles,254.0,Online
BOOK1404,Honda,62,2023-03-21,2023-09-07,Houston,482.99,Cash
BOOK1405,Ford,69,2023-11-08,2023-09-24,New York,215.93,Debit Card
BOOK1406,Tesla,69,2023-05-18,2023-05-16,Houston,42.36,Online
BOOK1407,Ford,27,2023-05-31,2023-09-03,Chicago,135.44,Credit Card
BOOK1408,Tesla,18,2023-08-30,2023-02-01,Chicago,474.29,Cash
BOOK1409,BMW,19,2023-05-23,2023-12-14,Phoenix,36.47,Debit Card
BOOK1410,Tesla,66,2023-11-07,2023-09-17,Phoenix,286.62,Online
BOOK1411,Ford,39,2023-10-26,2023-04-15,Phoenix,65.53,Online
BOOK1412,Honda,49,2023-02-19,2023-01-02,Houston,164.61,Debit Card
BOOK1413,Tesla,46,2023-09-19,2023-07-27,Phoenix,71.4,Credit Card
BOOK1414,Ford,52,2023-06-10,2023-05-16,Los Angeles,433.98,Cash
BOOK1415,BMW,34,2023-03-03,2023-09-29,Houston,307.8,Online
BOOK1416,Tesla,29,2023-02-24,2023-03-31,Houston,453.99,Credit Card
BOOK1417,BMW,41,2023-01-31,2023-07-15,Phoenix,353.53,Cash
BOOK1418,BMW,47,2023-11-26,2023-05-03,Phoenix,486.38,Credit Card
BOOK1419,Toyota,61,2023-10-17,2023-04-27,Houston,269.64,Cash
BOOK1420,Tesla,47,2023-06-18,2023-07-16,Chicago,330.19,Cash
BOOK1421,Ford,37,2023-09-23,2023-02-06,Chicago,300.87,Credit Card
BOOK1422,Tesla,59,2023-11-04,2023-03-09,Phoenix,257.6,Cash
BOOK1423,Tesla,24,2023-07-04,2023-05-14,Chicago,427.6,Online
BOOK1424,BMW,59,2023-11-30,2023-10-09,Los Angeles,332.93,Online
BOOK1425,BMW,67,2023-01-03,2023-01-12,Los Angeles,406.62,Credit Card
BOOK1426,BMW,55,2023-06-10,2023-08-07,Los Angeles,399.59,Credit Card
BOOK1427,BMW,24,2023-09-17,2023-11-19,Houston,119.79,Cash
BOOK1428,Ford,66,2023-02-17,2023-06-06,Houston,335.58,Cash
BOOK1429,Honda,47,2023-09-11,2023-08-29,Houston,123.83,Credit Card
BOOK1430,Toyota,29,2023-03-15,2023-03-02,Houston,304.16,Debit Card
BOOK1431,BMW,66,2023-12-01,2023-05-19,Houston,348.39,Credit Card
BOOK1432,BMW,48,2023-06-15,2023-02-20,Phoenix,498.7,Debit Card
BOOK1433,Toyota,35,2023-09-17,2023-06-17,Chicago,44.35,Debit Card
BOOK1434,BMW,63,2023-01-04,2023-06-15,Phoenix,72.88,Credit Card
BOOK1435,Honda,60,2023-04-29,2023-11-16,Chicago,66.2,Credit Card
BOOK1436,Tesla,19,2023-09-30,2023-07-09,Phoenix,217.23,Credit Card
BOOK1437,Toyota,50,2023-08-14,2023-04-03,Los Angeles,416.15,Debit Card
BOOK1438,Ford,28,2023-12-18,2023-10-22,New York,426.71,Online
BOOK1439,Toyota,51,2023-03-11,2023-10-17,Houston,376.38,Online
BOOK1440,Honda,33,2023-07-01,2023-03-17,New York,451.53,Credit Card
BOOK1441,Ford,52,2023-12-19,2023-02-15,New York,181.74,Credit Card
BOOK1442,Tesla,69,2023-09-21,2023-02-23,Los Angeles,71.43,Cash
BOOK1443,BMW,50,2023-06-30,2023-06-25,New York,57.33,Cash
BOOK1444,Toyota,38,2023-01-05,2023-06-11,New York,430.5,Cash
BOOK1445,Ford,37,2023-07-16,2023-03-09,Los Angeles,373.31,Credit Card
BOOK1446,Toyota,25,2023-02-16,2023-12-28,Chicago,358.35,Online
BOOK1447,Tesla,68,2023-02-09,2023-09-28,Phoenix,189.65,Online
BOOK1448,Toyota,43,2023-05-02,2023-05-05,New York,208.56,Credit Card
BOOK1449,Ford,50,2023-05-15,2023-07-02,Houston,480.31,Credit Card
BOOK1450,Honda,43,2023-05-20,2023-07-02,Los Angeles,59.99,Debit Card
BOOK1451,Ford,54,2023-12-16,2023-02-06,New York,393.65,Debit Card
BOOK1452,Toyota,47,2023-06-02,2023-08-01,Chicago,175.53,Online
BOOK1453,Tesla,48,2023-01-28,2023-05-15,Chicago,48.36,Cash
BOOK1454,BMW,50,2023-03-18,2023-12-20,Houston,379.01,Online
BOOK1455,BMW,28,2023-06-24,2023-06-28,New York,185.53,Debit Card
BOOK1456,Tesla,58,2023-02-18,2023-06-16,Houston,369.41,Online
BOOK1457,Toyota,22,2023-12-08,2023-12-04,Chicago,362.6,Debit Card
BOOK1458,Tesla,19,2023-11-06,2023-11-26,Chicago,281.35,Debit Card
BOOK1459,Toyota,30,2023-10-01,2023-11-24,Phoenix,395.37,Cash
BOOK1460,Ford,35,2023-01-27,2023-02-16,Chicago,303.09,Cash
BOOK1461,Honda,43,2023-11-24,2023-06-06,Los Angeles,164.72,Debit Card
BOOK1462,Toyota,42,2023-08-09,2023-08-25,Phoenix,375.03,Credit Card
BOOK1463,BMW,61,2023-05-02,2023-11-13,Houston,306.9,Cash
BOOK1464,BMW,31,2023-12-27,2023-03-02,Chicago,,Debit Card
BOOK1465,Honda,22,2023-03-10,2023-01-06,Los Angeles,453.77,Credit Card
BOOK1466,Toyota,59,2023-03-12,2023-07-01,Phoenix,286.45,Credit Card
BOOK1467,Honda,69,2023-05-30,2023-05-26,Los Angeles,438.25,Online
BOOK1468,Ford,19,2023-07-06,2023-11-12,Phoenix,444.89,Online
BOOK1469,Honda,21,2023-09-03,2023-09-23,Phoenix,239.13,Cash
BOOK1470,Ford,29,2023-07-15,2023-08-12,Phoenix,268.6,Credit Card
BOOK1471,BMW,28,2023-02-01,2023-10-29,Houston,225.4,Cash
BOOK1472,Ford,21,2023-04-19,2023-12-03,Phoenix,241.24,Debit Card
BOOK1473,Toyota,60,2023-12-19,2023-08-26,Phoenix,450.72,Cash
BOOK1474,Toyota,26,2023-01-01,2023-01-14,Los Angeles,400.43,Credit Card
BOOK1475,Toyota,27,2023-07-01,2023-12-06,Phoenix,89.47,Online
BOOK1476,Toyota,44,2023-06-23,2023-09-26,Houston,316.84,Cash
BOOK1477,Tesla,23,2023-06-18,2023-09-24,Los Angeles,498.08,Online
BOOK1478,Ford,32,2023-09-05,2023-01-17,Phoenix,309.91,Cash
BOOK1479,Toyota,59,2023-04-18,2023-04-03,Los Angeles,399.36,Debit Card
BOOK1480,Honda,48,2023-10-24,2023-09-06,Houston,391.46,Credit Card
BOOK1481,Honda,39,2023-09-21,2023-01-20,Los Angeles,194.65,Cash
BOOK1482,Tesla,23,2023-01-30,2023-12-27,Houston,204.77,Debit Card
BOOK1483,Ford,50,2023-10-29,2023-04-14,Chicago,370.32,Debit Card
BOOK1484,Ford,46,2023-12-27,2023-04-06,Phoenix,264.99,Debit Card
BOOK1485,Ford,38,2023-12-18,2023-10-11,Houston,298.17,Online
BOOK1486,Tesla,69,2023-11-13,2023-08-02,Phoenix,365.07,Online
BOOK1487,Ford,47,2023-08-13,2023-02-07,Houston,395.46,Debit Card
BOOK1488,Ford,38,2023-03-30,2023-03-03,New York,157.61,Debit Card
BOOK1489,Toyota,53,2023-08-22,2023-10-19,New York,98.99,Cash
BOOK1490,Ford,39,2023-06-17,2023-12-29,New York,167.14,Cash
BOOK1491,Toyota,63,2023-08-19,2023-10-31,Houston,268.54,Credit Card
BOOK1492,Toyota,37,2023-05-06,2023-09-02,Phoenix,190.81,Cash
BOOK1493,Ford,39,2023-03-02,2023-11-08,New York,297.13,Credit Card
BOOK1494,Honda,69,2023-04-30,2023-12-11,Phoenix,55.13,Credit Card
BOOK1495,BMW,57,2023-07-09,2023-12-18,Houston,269.58,Credit Card
BOOK1496,Honda,28,2023-05-01,2023-01-07,Phoenix,202.95,Online
BOOK1497,Ford,64,2023-02-17,2023-11-03,Phoenix,281.29,Cash
BOOK1498,Ford,48,2023-07-21,2023-06-15,New York,228.59,Debit Card
BOOK1499,Honda,68,2023-02-28,2023-01-14,Los Angeles,163.59,Credit Card
BOOK1500,Ford,57,2023-07-04,2023-01-26,Chicago,454.93,Debit Card
BOOK1501,Toyota,30,2023-08-11,2023-08-13,Houston,116.84,Credit Card
BOOK1502,Tesla,35,2023-01-11,2023-05-04,Houston,350.24,Cash
BOOK1503,Ford,39,2023-10-08,2023-05-10,Houston,464.58,Credit Card
BOOK1504,Ford,34,2023-07-08,2023-11-02,Chicago,283.17,Cash
BOOK1505,Honda,55,2023-10-29,2023-05-03,Los Angeles,441.91,Debit Card
BOOK1506,Toyota,42,2023-11-06,2023-02-05,Phoenix,88.68,Cash
BOOK1507,Honda,49,2023-08-25,2023-03-25,Houston,262.08,Debit Card
BOOK1508,Honda,32,2023-02-03,2023-11-06,Phoenix,244.8,Cash
BOOK1509,Ford,30,2023-12-06,2023-07-02,New York,33.82,Credit Card
BOOK1510,Toyota,43,2023-05-15,2023-03-18,New York,238.33,Credit Card
BOOK1511,Ford,67,2023-03-03,2023-04-15,New York,203.44,Cash
BOOK1512,Ford,28,2023-11-09,2023-08-21,Houston,344.81,Debit Card
BOOK1513,Ford,30,2023-08-15,2023-10-31,Chicago,471.01,Debit Card
BOOK1514,Ford,50,2023-04-03,2023-02-13,Houston,70.32,Debit Card
BOOK1515,Tesla,67,2023-04-26,2023-04-04,New York,183.91,Cash
BOOK1516,BMW,54,2023-11-28,2023-05-25,New York,238.71,Cash
BOOK1517,Toyota,55,2023-05-13,2023-09-12,Houston,243.94,Cash
BOOK1518,Tesla,18,2023-11-28,2023-03-20,Chicago,394.16,Cash
BOOK1519,BMW,56,2023-10-20,2023-09-21,Chicago,238.4,Debit Card
BOOK1520,BMW,44,2023-07-12,2023-03-12,Phoenix,42.77,Debit Card
BOOK1521,BMW,53,2023-01-30,2023-05-30,Los Angeles,363.75,Online
BOOK1522,Tesla,49,2023-10-25,2023-10-20,New York,445.87,Cash
BOOK1523,Toyota,58,2023-03-02,2023-08-03,Chicago,271.54,Online
BOOK1524,Honda,32,2023-10-31,2023-12-27,New York,303.12,Cash
BOOK1525,BMW,48,2023-12-06,2023-11-07,Los Angeles,106.58,Online
BOOK1526,Honda,23,2023-12-15,2023-05-28,New York,133.7,Debit Card
BOOK1527,Honda,42,2023-11-20,2023-01-26,Chicago,140.53,Debit Card
BOOK1528,Ford,66,2023-10-29,2023-11-20,Phoenix,232.45,Online
BOOK1529,Honda,69,2023-01-28,2023-04-20,Houston,466.23,Credit Card
BOOK1530,Ford,35,2023-03-18,2023-07-01,Houston,275.24,Cash
BOOK1531,Toyota,39,2023-05-01,2023-09-09,Chicago,120.29,Online
BOOK1532,Toyota,48,2023-01-03,2023-07-23,Chicago,155.06,Online
BOOK1533,Ford,53,2023-02-06,2023-11-01,Los Angeles,210.49,Credit Card
BOOK1534,Toyota,26,2023-05-27,2023-06-20,New York,322.93,Debit Card
BOOK1535,BMW,63,2023-04-02,2023-06-25,Los Angeles,236.82,Online
BOOK1536,Toyota,20,2023-12-05,2023-12-14,Houston,214.45,Debit Card
BOOK1537,Ford,50,2023-09-30,2023-06-20,New York,295.42,Cash
BOOK1538,BMW,44,2023-03-28,2023-01-03,Los Angeles,143.66,Credit Card
BOOK1539,Honda,60,2023-02-09,2023-05-15,Houston,67.08,Debit Card
BOOK1540,Honda,18,2023-06-27,2023-05-08,New York,41.47,Online
BOOK1541,Honda,61,2023-11-25,2023-02-16,Phoenix,148.09,Credit Card
BOOK1542,Ford,26,2023-10-12,2023-07-14,Phoenix,73.05,Credit Card
BOOK1543,Honda,22,2023-02-11,2023-12-29,Los Angeles,188.08,Credit Card
BOOK1544,Toyota,32,2023-10-12,2023-07-29,Chicago,393.28,Credit Card
BOOK1545,Honda,67,2023-03-07,2023-10-24,New York,366.66,Credit Card
BOOK1546,Tesla,26,2023-05-04,2023-02-28,Los Angeles,317.14,Cash
BOOK1547,Tesla,62,2023-05-25,2023-03-20,Chicago,430.68,Cash
BOOK1548,Honda,45,2023-04-30,2023-07-22,Chicago,162.57,Credit Card
BOOK1549,Honda,30,2023-04-19,2023-10-17,New York,445.98,Online
BOOK1550,Tesla,41,2023-04-02,2023-03-04,New York,217.64,Online
BOOK1551,Honda,62,2023-11-04,2023-09-26,Chicago,218.42,Cash
BOOK1552,BMW,27,2023-03-01,2023-05-07,Houston,220.52,Debit Card
BOOK1553,Tesla,59,2023-12-16,2023-02-19,Los Angeles,76.1,Credit Card
BOOK1554,Ford,39,2023-08-15,2023-03-30,New York,488.48,Online
BOOK1555,Tesla,56,2023-08-28,2023-12-01,Chicago,95.1,Cash
BOOK1556,Toyota,39,2023-07-31,2023-09-19,Houston,190.22,Cash
BOOK1557,BMW,54,2023-04-08,2023-06-29,Phoenix,180.07,Debit Card
BOOK1558,Ford,69,2023-01-14,2023-03-11,Chicago,65.1,Debit Card
BOOK1559,Honda,56,2023-08-06,2023-03-02,Houston,101.56,Online
BOOK1560,Toyota,37,2023-06-19,2023-10-30,Phoenix,51.08,Debit Card
BOOK1561,Toyota,27,2023-11-03,2023-09-07,Houston,167.43,Debit Card
BOOK1562,BMW,27,2023-10-07,2023-06-19,New York,437.33,Credit Card
BOOK1563,Ford,43,2023-12-29,2023-09-27,Chicago,189.54,Cash
BOOK1564,Toyota,42,2023-07-29,2023-12-31,Phoenix,88.14,Cash
BOOK1565,Ford,45,2023-09-13,2023-04-23,Houston,333.48,Debit Card
BOOK1566,Ford,30,2023-06-20,2023-04-11,Phoenix,498.4,Cash
BOOK1567,Toyota,32,2023-03-14,2023-08-04,Los Angeles,139.19,Cash
BOOK1568,Ford,23,2023-05-27,2023-04-24,Chicago,161.4,Online
BOOK1569,BMW,69,2023-12-06,2023-04-08,New York,486.77,Cash
BOOK1570,Toyota,29,2023-11-13,2023-11-04,Phoenix,114.02,Debit Card
BOOK1571,BMW,36,2023-04-16,2023-04-29,Houston,270.27,Online
BOOK1572,BMW,49,2023-04-04,2023-02-06,Phoenix,142.64,Cash
BOOK1573,Ford,28,2023-03-04,2023-12-04,Houston,468.21,Cash
BOOK1574,Ford,55,2023-06-03,2023-12-26,Phoenix,491.31,Online
BOOK1575,Toyota,50,2023-09-12,2023-10-18,New York,412.91,Online
BOOK1576,Honda,19,2023-12-17,2023-11-01,New York,177.95,Cash
BOOK1577,Toyota,32,2023-02-04,2023-12-27,Chicago,219.64,Credit Card
BOOK1578,BMW,53,2023-11-19,2023-12-14,New York,143.88,Credit Card
BOOK1579,Ford,22,2023-11-08,2023-05-05,Phoenix,448.66,Cash
BOOK1580,BMW,32,2023-10-23,2023-02-10,Phoenix,459.84,Cash
BOOK1581,Tesla,60,2023-09-10,2023-05-22,New York,226.87,Online
BOOK1582,Tesla,27,2023-06-06,2023-01-27,Los Angeles,338.57,Online
BOOK1583,BMW,34,2023-05-14,2023-05-23,Phoenix,107.81,Cash
BOOK1584,Honda,51,2023-05-09,2023-12-19,Chicago,234.42,Cash
BOOK1585,Honda,69,2023-10-07,2023-12-03,Los Angeles,326.8,Cash
BOOK1586,Toyota,41,2023-12-24,2023-02-27,New York,211.14,Cash
BOOK1587,Toyota,27,2023-09-09,2023-05-31,Houston,198.07,Credit Card
BOOK1588,Toyota,69,2023-05-15,2023-07-25,Phoenix,30.47,Online
BOOK1589,Ford,47,2023-11-27,2023-03-18,Houston,408.02,Debit Card
BOOK1590,Honda,20,2023-01-11,2023-10-13,Chicago,447.99,Cash
BOOK1591,BMW,68,2023-10-19,2023-07-30,Los Angeles,,Cash
BOOK1592,Tesla,54,2023-05-28,2023-09-16,Houston,368.06,Cash
BOOK1593,Honda,20,2023-11-15,2023-09-17,Chicago,287.93,Debit Card
BOOK1594,Honda,57,2023-03-21,2023-07-04,Houston,156.56,Online
BOOK1595,Honda,22,2023-07-10,2023-11-25,Houston,499.67,Online
BOOK1596,Toyota,45,2023-12-10,2023-01-12,Chicago,307.18,Cash
BOOK1597,Ford,61,2023-01-30,2023-06-10,Phoenix,350.14,Cash
BOOK1598,BMW,31,2023-12-25,2023-09-18,Houston,350.73,Online
BOOK1599,Toyota,56,2023-08-17,2023-03-30,Chicago,427.27,Debit Card
BOOK1600,Ford,28,2023-03-25,2023-07-04,Houston,34.55,Cash
BOOK1601,Honda,25,2023-05-30,2023-01-17,Phoenix,133.52,Debit Card
BOOK1602,Ford,54,2023-12-27,2023-09-02,Chicago,342.8,Debit Card
BOOK1603,Toyota,25,2023-07-08,2023-03-28,Houston,450.72,Online
BOOK1604,Honda,29,2023-01-21,2023-07-19,New York,352.11,Cash
BOOK1605,Toyota,32,2023-02-06,2023-01-11,Phoenix,224.34,Credit Card
BOOK1606,BMW,36,2023-09-03,2023-06-14,Houston,199.93,Online
BOOK1607,Honda,65,2023-10-10,2023-01-25,Los Angeles,376.84,Online
BOOK1608,Ford,63,2023-04-12,2023-03-06,Chicago,378.38,Credit Card
BOOK1609,Toyota,45,2023-10-21,2023-11-09,Houston,315.32,Cash
BOOK1610,Tesla,24,2023-08-20,2023-08-27,Phoenix,166.99,Debit Card
BOOK1611,Ford,57,2023-11-12,2023-12-12,Phoenix,464.82,Debit Card
BOOK1612,Ford,24,2023-11-22,2023-08-27,Los Angeles,289.38,Debit Card
BOOK1613,Honda,47,2023-10-15,2023-01-23,Los Angeles,401.53,Cash
BOOK1614,Ford,35,2023-12-02,2023-06-30,Houston,130.72,Online
BOOK1615,Toyota,41,2023-09-02,2023-11-03,New York,191.7,Online
BOOK1616,Tesla,23,2023-06-26,2023-02-17,Phoenix,441.05,Online
BOOK1617,BMW,68,2023-08-01,2023-10-07,New York,53.55,Online
BOOK1618,Tesla,21,2023-12-24,2023-08-13,New York,270.79,Online
BOOK1619,Toyota,20,2023-04-12,2023-08-07,Houston,256.4,Credit Card
BOOK1620,Honda,66,2023-10-13,2023-08-26,Chicago,383.08,Debit Card
BOOK1621,Toyota,68,2023-01-22,2023-07-24,Chicago,162.49,Debit Card
BOOK1622,Ford,64,2023-01-19,2023-12-06,Chicago,132.96,Cash
BOOK1623,Honda,23,2023-10-14,2023-01-20,Los Angeles,,Credit Card
BOOK1624,BMW,43,2023-10-03,2023-06-30,Phoenix,298.7,Online
BOOK1625,BMW,61,2023-05-27,2023-06-12,Los Angeles,79.2,Online
BOOK1626,Toyota,68,2023-02-09,2023-10-13,Phoenix,120.73,Online
BOOK1627,Ford,55,2023-06-16,2023-03-03,Phoenix,499.45,Credit Card
BOOK1628,BMW,28,2023-04-01,2023-03-27,Phoenix,121.94,Cash
BOOK1629,Tesla,69,2023-03-13,2023-02-05,Houston,316.92,Credit Card
BOOK1630,Honda,46,2023-12-31,2023-01-06,Chicago,227.46,Cash
BOOK1631,Tesla,37,2023-10-10,2023-03-18,Los Angeles,446.23,Debit Card
BOOK1632,BMW,27,2023-12-01,2023-09-11,Los Angeles,384.93,Cash
BOOK1633,BMW,43,2023-05-20,2023-01-08,Houston,310.57,Debit Card
BOOK1634,Toyota,65,2023-08-27,2023-06-19,Phoenix,35.05,Cash
BOOK1635,Toyota,44,2023-03-19,2023-05-11,Chicago,443.5,Debit Card
BOOK1636,Honda,67,2023-07-18,2023-05-19,New York,238.99,Debit Card
BOOK1637,Toyota,31,2023-01-17,2023-12-25,New York,467.84,Online
BOOK1638,Ford,53,2023-08-06,2023-10-28,Houston,262.9,Cash
BOOK1639,Honda,29,2023-08-17,2023-11-23,Chicago,356.29,Online
BOOK1640,Ford,69,2023-12-06,2023-04-02,New York,62.57,Debit Card
BOOK1641,Toyota,40,2023-05-18,2023-06-13,New York,380.22,Online
BOOK1642,Honda,38,2023-05-27,2023-11-15,Los Angeles,188.86,Credit Card
BOOK1643,BMW,25,2023-07-29,2023-09-11,Chicago,195.14,Online
BOOK1644,Tesla,56,2023-06-07,2023-07-21,New York,85.77,Cash
BOOK1645,BMW,26,2023-06-02,2023-01-21,Los Angeles,99.02,Online
BOOK1646,Ford,41,2023-12-10,2023-08-18,Chicago,117.31,Credit Card
BOOK1647,BMW,48,2023-11-26,2023-06-13,Phoenix,184.26,Online
BOOK1648,BMW,42,2023-12-24,2023-06-15,Chicago,449.23,Debit Card
BOOK1649,Tesla,34,2023-12-18,2023-08-21,Houston,203.08,Debit Card
BOOK1650,Tesla,59,2023-06-12,2023-11-25,Los Angeles,,Debit Card
BOOK1651,BMW,46,2023-11-03,2023-08-27,Phoenix,68.89,Cash
BOOK1652,Tesla,20,2023-04-11,2023-05-01,Los Angeles,307.82,Online
BOOK1653,BMW,38,2023-11-23,2023-12-18,Los Angeles,256.49,Debit Card
BOOK1654,Honda,25,2023-11-23,2023-04-18,New York,489.64,Online
BOOK1655,BMW,31,2023-06-04,2023-09-08,Chicago,427.72,Credit Card
BOOK1656,Toyota,56,2023-01-10,2023-12-03,Los Angeles,243.77,Credit Card
BOOK1657,Tesla,33,2023-12-19,2023-10-12,Los Angeles,394.32,Cash
BOOK1658,Tesla,35,2023-07-02,2023-07-18,Houston,120.73,Online
BOOK1659,Ford,48,2023-05-14,2023-08-09,Houston,294.3,Credit Card
BOOK1660,Ford,28,2023-01-06,2023-06-01,Houston,65.07,Cash
BOOK1661,Toyota,55,2023-11-29,2023-10-14,Los Angeles,193.6,Cash
BOOK1662,Tesla,37,2023-11-29,2023-09-23,Phoenix,136.16,Debit Card
BOOK1663,Tesla,63,2023-09-15,2023-08-09,Chicago,,Credit Card
BOOK1664,Ford,62,2023-07-30,2023-08-05,Los Angeles,260.34,Online
BOOK1665,Ford,21,2023-02-20,2023-11-12,New York,383.0,Credit Card
BOOK1666,BMW,37,2023-05-27,2023-06-06,Phoenix,272.19,Credit Card
BOOK1667,Tesla,48,2023-05-08,2023-08-05,Phoenix,70.65,Online
BOOK1668,Tesla,37,2023-09-15,2023-12-02,Chicago,375.62,Online
BOOK1669,BMW,28,2023-02-20,2023-12-26,Phoenix,421.62,Debit Card
BOOK1670,Tesla,67,2023-06-03,2023-04-25,Chicago,454.66,Cash
BOOK1671,Toyota,18,2023-03-11,2023-06-11,Phoenix,298.84,Online
BOOK1672,Ford,61,2023-10-03,2023-10-31,Chicago,384.19,Online
BOOK1673,Ford,35,2023-10-06,2023-04-09,Houston,383.46,Credit Card
BOOK1674,Ford,56,2023-11-06,2023-06-07,Houston,103.2,Online
BOOK1675,Honda,61,2023-05-14,2023-06-12,Phoenix,107.18,Online
BOOK1676,Toyota,50,2023-08-08,2023-02-12,Phoenix,63.32,Credit Card
BOOK1677,Toyota,53,2023-06-12,2023-06-30,Chicago,,Credit Card
BOOK1678,BMW,35,2023-05-16,2023-10-31,Chicago,252.55,Credit Card
BOOK1679,Honda,64,2023-02-26,2023-11-27,Los Angeles,499.01,Debit Card
BOOK1680,Tesla,48,2023-06-26,2023-02-21,Houston,232.57,Cash
BOOK1681,Toyota,52,2023-04-25,2023-09-10,Los Angeles,371.33,Online
BOOK1682,Honda,56,2023-05-29,2023-12-17,Los Angeles,355.9,Credit Card
BOOK1683,Honda,55,2023-08-29,2023-05-01,New York,126.11,Credit Card
BOOK1684,Toyota,32,2023-05-03,2023-03-17,Chicago,57.5,Cash
BOOK1685,BMW,64,2023-10-19,2023-06-12,New York,286.62,Debit Card
BOOK1686,Honda,23,2023-11-23,2023-05-30,New York,,Online
BOOK1687,Ford,25,2023-03-10,2023-05-04,Los Angeles,499.18,Debit Card
BOOK1688,Honda,57,2023-11-10,2023-05-22,New York,198.55,Debit Card
BOOK1689,Tesla,39,2023-03-04,2023-07-02,Chicago,451.29,Debit Card
BOOK1690,Toyota,18,2023-08-09,2023-10-05,Los Angeles,209.51,Credit Card
BOOK1691,Tesla,30,2023-01-16,2023-09-15,Chicago,354.02,Cash
BOOK1692,BMW,41,2023-03-19,2023-11-22,Phoenix,311.18,Cash
BOOK1693,Ford,38,2023-05-02,2023-09-03,New York,54.9,Cash
BOOK1694,Toyota,62,2023-09-15,2023-03-28,Los Angeles,66.84,Debit Card
BOOK1695,Honda,60,2023-08-05,2023-03-13,Houston,39.76,Online
BOOK1696,Ford,21,2023-04-24,2023-09-27,Chicago,204.29,Debit Card
BOOK1697,Honda,24,2023-05-26,2023-06-30,New York,380.53,Cash
BOOK1698,BMW,29,2023-08-25,2023-10-07,Chicago,111.2,Credit Card
BOOK1699,Toyota,30,2023-03-27,2023-05-30,Chicago,,Debit Card
BOOK1700,BMW,61,2023-06-16,2023-01-07,Phoenix,165.75,Credit Card
BOOK1701,BMW,33,2023-05-09,2023-05-29,Chicago,404.59,Cash
BOOK1702,BMW,23,2023-06-14,2023-11-29,Phoenix,405.25,Debit Card
BOOK1703,BMW,31,2023-10-04,2023-06-18,Phoenix,394.44,Credit Card
BOOK1704,Honda,68,2023-09-14,2023-01-10,Phoenix,276.67,Debit Card
BOOK1705,Tesla,65,2023-05-12,2023-06-28,New York,163.75,Cash
BOOK1706,Honda,48,2023-02-27,2023-10-12,Chicago,410.44,Online
BOOK1707,Ford,53,2023-09-14,2023-04-27,Chicago,117.47,Cash
BOOK1708,BMW,54,2023-05-21,2023-04-07,Phoenix,166.19,Online
BOOK1709,Ford,58,2023-06-23,2023-11-28,Chicago,116.46,Online
BOOK1710,Honda,52,2023-06-24,2023-12-11,Chicago,346.88,Cash
BOOK1711,BMW,27,2023-07-28,2023-02-26,Phoenix,352.53,Credit Card
BOOK1712,Honda,34,2023-07-23,2023-07-27,Houston,336.68,Debit Card
BOOK1713,BMW,68,2023-01-07,2023-04-16,Houston,225.33,Debit Card
BOOK1714,Honda,59,2023-02-20,2023-02-05,Phoenix,77.08,Debit Card
BOOK1715,Toyota,47,2023-09-16,2023-07-29,New York,458.25,Online
BOOK1716,Tesla,61,2023-06-27,2023-10-09,Chicago,268.63,Online
BOOK1717,Tesla,24,2023-01-31,2023-12-22,Chicago,221.28,Cash
BOOK1718,BMW,35,2023-12-22,2023-05-28,Houston,,Credit Card
BOOK1719,Toyota,36,2023-11-14,2023-10-15,Phoenix,120.61,Cash
BOOK1720,Ford,32,2023-06-03,2023-03-23,New York,92.3,Cash
BOOK1721,Toyota,56,2023-12-30,2023-02-20,Phoenix,,Credit Card
BOOK1722,BMW,61,2023-02-24,2023-03-29,Houston,136.79,Online
BOOK1723,Toyota,39,2023-06-05,2023-07-11,Houston,144.82,Cash
BOOK1724,Ford,56,2023-02-13,2023-10-31,Chicago,449.48,Cash
BOOK1725,BMW,59,2023-03-22,2023-01-02,Los Angeles,279.46,Online
BOOK1726,Tesla,47,2023-06-15,2023-05-19,New York,257.23,Debit Card
BOOK1727,Toyota,37,2023-01-30,2023-05-17,New York,354.06,Credit Card
BOOK1728,Tesla,49,2023-11-18,2023-12-29,Los Angeles,477.23,Credit Card
BOOK1729,Tesla,59,2023-05-16,2023-06-04,Houston,82.73,Debit Card
BOOK1730,Honda,42,2023-01-14,2023-06-12,Phoenix,421.76,Credit Card
BOOK1731,Ford,40,2023-12-23,2023-01-20,New York,304.49,Debit Card
BOOK1732,Toyota,22,2023-04-16,2023-11-25,Los Angeles,98.7,Cash
BOOK1733,Tesla,67,2023-12-25,2023-09-01,Chicago,169.66,Credit Card
BOOK1734,Tesla,58,2023-11-14,2023-05-10,Chicago,256.71,Credit Card
BOOK1735,Ford,47,2023-03-16,2023-06-26,Houston,354.85,Cash
BOOK1736,Tesla,65,2023-03-20,2023-10-08,New York,144.03,Online
BOOK1737,Tesla,56,2023-07-13,2023-03-26,Phoenix,281.39,Online
BOOK1738,Tesla,44,2023-12-29,2023-08-11,New York,351.8,Cash
BOOK1739,Tesla,59,2023-04-06,2023-11-22,Chicago,240.91,Credit Card
BOOK1740,Honda,54,2023-02-09,2023-05-26,New York,435.62,Credit Card
BOOK1741,Honda,24,2023-09-13,2023-04-17,Chicago,438.65,Credit Card
BOOK1742,BMW,22,2023-04-17,2023-11-22,Los Angeles,251.22,Debit Card
BOOK1743,Toyota,32,2023-01-17,2023-01-12,Los Angeles,487.28,Online
BOOK1744,Ford,68,2023-01-15,2023-06-16,Chicago,65.52,Credit Card
BOOK1745,BMW,59,2023-09-29,2023-07-16,Phoenix,31.58,Online
BOOK1746,Honda,25,2023-01-13,2023-08-20,Phoenix,208.91,Online
BOOK1747,Honda,26,2023-09-04,2023-05-28,New York,312.52,Credit Card
BOOK1748,Honda,28,2023-08-02,2023-12-26,Chicago,325.72,Cash
BOOK1749,BMW,39,2023-05-31,2023-08-27,Houston,253.93,Cash
BOOK1750,Honda,51,2023-10-19,2023-01-14,Phoenix,88.7,Online
BOOK1751,BMW,52,2023-02-12,2023-08-08,Phoenix,110.13,Debit Card
BOOK1752,Honda,30,2023-04-24,2023-09-15,Los Angeles,430.51,Online
BOOK1753,Tesla,28,2023-11-26,2023-01-03,Phoenix,437.92,Online
BOOK1754,Tesla,49,2023-03-22,2023-07-30,Phoenix,346.73,Cash
BOOK1755,Toyota,59,2023-12-16,2024-01-01,Phoenix,342.18,Credit Card
BOOK1756,Honda,32,2023-05-21,2023-08-14,Chicago,310.91,Credit Card
BOOK1757,Toyota,55,2023-01-30,2023-07-14,Chicago,125.38,Debit Card
BOOK1758,BMW,18,2023-01-30,2023-07-16,Los Angeles,231.28,Cash
BOOK1759,Toyota,63,2023-09-23,2023-09-18,New York,357.07,Cash
BOOK1760,Honda,67,2023-04-09,2023-02-27,Phoenix,282.51,Online
BOOK1761,BMW,41,2023-04-04,2023-04-24,New York,38.73,Cash
BOOK1762,BMW,60,2023-07-30,2023-08-02,Chicago,478.17,Online
BOOK1763,Tesla,57,2023-10-22,2023-10-07,Phoenix,427.06,Debit Card
BOOK1764,BMW,39,2023-02-06,2023-09-02,New York,152.46,Cash
BOOK1765,BMW,20,2023-03-30,2023-04-28,New York,319.74,Cash
BOOK1766,Toyota,31,2023-09-12,2023-03-29,Houston,463.92,Online
BOOK1767,BMW,19,2023-08-02,2023-09-21,Chicago,75.13,Cash
BOOK1768,Ford,49,2023-01-14,2023-10-28,Los Angeles,266.42,Credit Card
BOOK1769,Tesla,65,2023-07-11,2023-04-24,Los Angeles,244.43,Debit Card
BOOK1770,Tesla,55,2023-10-22,2023-06-14,Houston,222.8,Credit Card
BOOK1771,BMW,50,2023-07-01,2023-01-05,New York,422.73,Online
BOOK1772,Toyota,63,2023-05-10,2023-04-29,Houston,208.9,Online
BOOK1773,Tesla,59,2023-08-12,2023-01-24,Houston,59.92,Online
BOOK1774,Tesla,23,2023-02-12,2023-08-22,Chicago,60.94,Debit Card
BOOK1775,Ford,58,2023-06-30,2023-04-01,Phoenix,50.09,Cash
BOOK1776,BMW,56,2023-06-18,2023-09-13,New York,222.3,Credit Card
BOOK1777,Tesla,42,2023-09-21,2023-04-03,Los Angeles,367.65,Cash
BOOK1778,Tesla,51,2023-04-06,2023-06-05,Los Angeles,125.75,Online
BOOK1779,Tesla,28,2023-07-22,2023-11-04,Houston,333.84,Cash
BOOK1780,Tesla,63,2023-11-17,2023-04-26,Houston,352.93,Debit Card
BOOK1781,Toyota,54,2023-12-01,2023-07-27,Houston,149.94,Online
BOOK1782,Honda,58,2023-03-09,2023-03-23,New York,312.26,Cash
BOOK1783,Ford,24,2023-04-02,2023-04-14,Houston,351.89,Credit Card
BOOK1784,Toyota,63,2023-09-23,2023-03-22,Houston,249.31,Online
BOOK1785,Ford,65,2023-11-27,2023-04-14,Phoenix,188.26,Online
BOOK1786,Tesla,39,2023-06-27,2023-08-29,New York,321.0,Debit Card
BOOK1787,Ford,65,2023-05-31,2023-09-23,Chicago,489.59,Debit Card
BOOK1788,BMW,56,2023-11-13,2023-02-03,Chicago,230.62,Credit Card
BOOK1789,BMW,27,2023-02-16,2023-02-05,Phoenix,214.12,Cash
BOOK1790,Honda,38,2023-01-03,2023-09-07,Los Angeles,248.21,Cash
BOOK1791,Honda,23,2023-04-13,2023-02-20,Chicago,,Online
BOOK1792,Ford,66,2023-09-30,2023-10-08,New York,289.99,Online
BOOK1793,Toyota,18,2023-01-22,2023-08-31,Los Angeles,184.49,Cash
BOOK1794,Toyota,51,2023-04-26,2023-06-02,Houston,87.07,Cash
BOOK1795,Tesla,31,2023-12-13,2023-05-28,New York,249.14,Cash
BOOK1796,Toyota,53,2023-04-14,2023-02-09,Los Angeles,31.59,Online
BOOK1797,Honda,44,2023-09-16,2023-07-09,Chicago,218.84,Debit Card
BOOK1798,Toyota,26,2023-11-04,2023-01-26,Houston,79.7,Debit Card
BOOK1799,Tesla,23,2023-10-25,2023-09-02,Houston,41.42,Credit Card
BOOK1800,BMW,48,2023-05-10,2023-08-12,New York,417.5,Cash
BOOK1801,Toyota,34,2023-10-22,2023-08-19,Houston,460.64,Cash
BOOK1802,Toyota,60,2023-10-29,2023-06-03,Los Angeles,127.61,Cash
BOOK1803,Honda,53,2023-02-17,2023-10-16,Phoenix,283.47,Credit Card
BOOK1804,Ford,38,2023-01-27,2023-04-19,Chicago,160.64,Cash
BOOK1805,BMW,44,2023-01-15,2023-02-03,New York,261.98,Debit Card
BOOK1806,Ford,58,2023-09-20,2023-12-30,Phoenix,235.22,Cash
BOOK1807,Tesla,45,2023-12-31,2023-04-22,Phoenix,156.45,Credit Card
BOOK1808,Tesla,33,2023-10-25,2023-05-02,New York,359.18,Online
BOOK1809,Ford,52,2023-09-22,2023-01-17,Los Angeles,89.45,Online
BOOK1810,Honda,53,2023-12-27,2023-08-16,Chicago,54.94,Debit Card
BOOK1811,Honda,52,2023-05-14,2023-01-12,New York,390.81,Debit Card
BOOK1812,Honda,62,2023-03-17,2023-07-23,Phoenix,342.99,Debit Card
BOOK1813,BMW,36,2023-01-30,2023-07-22,Phoenix,264.31,Online
BOOK1814,Tesla,38,2023-12-06,2023-04-09,New York,249.86,Cash
BOOK1815,Tesla,50,2023-05-06,2023-04-27,Phoenix,263.78,Credit Card
BOOK1816,Tesla,40,2023-03-25,2023-10-09,New York,235.4,Credit Card
BOOK1817,BMW,23,2023-02-23,2023-12-16,New York,214.66,Cash
BOOK1818,Tesla,49,2023-10-10,2023-08-21,Chicago,264.85,Online
BOOK1819,Ford,39,2023-12-06,2023-04-22,New York,278.4,Online
BOOK1820,Toyota,20,2023-09-20,2023-12-19,Phoenix,355.19,Credit Card
BOOK1821,BMW,52,2023-12-26,2023-01-13,Houston,364.27,Debit Card
BOOK1822,Toyota,33,2023-08-10,2023-01-22,Chicago,207.49,Debit Card
BOOK1823,Ford,59,2023-11-24,2023-05-08,Phoenix,224.36,Credit Card
BOOK1824,Honda,42,2023-01-02,2023-10-13,Phoenix,205.64,Credit Card
BOOK1825,Honda,34,2023-11-02,2023-05-02,Chicago,282.17,Cash
BOOK1826,Honda,56,2023-05-26,2023-05-05,Chicago,243.08,Cash
BOOK1827,BMW,30,2023-01-18,2023-02-03,Phoenix,448.11,Cash
BOOK1828,Honda,45,2023-01-16,2023-06-20,Houston,357.29,Cash
BOOK1829,BMW,28,2023-11-04,2023-03-19,Los Angeles,452.37,Cash
BOOK1830,BMW,27,2023-06-08,2023-10-25,Phoenix,363.29,Cash
BOOK1831,Toyota,56,2023-12-06,2023-11-27,Chicago,486.37,Debit Card
BOOK1832,Honda,41,2023-12-18,2023-03-05,New York,328.8,Credit Card
BOOK1833,Tesla,55,2023-10-25,2023-09-28,New York,482.87,Online
BOOK1834,Honda,41,2023-07-28,2023-08-05,Chicago,104.34,Cash
BOOK1835,Honda,50,2023-07-24,2023-07-10,Chicago,54.66,Debit Card
BOOK1836,Honda,34,2023-04-23,2023-03-17,Los Angeles,302.19,Credit Card
BOOK1837,Tesla,61,2023-06-27,2023-06-24,Chicago,492.24,Credit Card
BOOK1838,Tesla,53,2023-07-28,2023-03-09,New York,226.27,Credit Card
BOOK1839,BMW,52,2023-05-04,2023-04-04,Houston,129.66,Cash
BOOK1840,Tesla,23,2023-01-15,2023-02-23,Chicago,275.12,Cash
BOOK1841,BMW,33,2023-12-12,2023-04-05,Los Angeles,334.94,Online
BOOK1842,Toyota,62,2023-10-25,2023-04-24,Houston,178.13,Cash
BOOK1843,BMW,45,2023-02-14,2023-08-18,Los Angeles,365.94,Credit Card
BOOK1844,Honda,58,2023-04-04,2023-09-08,Houston,488.3,Credit Card
BOOK1845,Ford,49,2023-04-17,2023-07-29,Chicago,451.57,Debit Card
BOOK1846,Ford,43,2023-10-05,2023-07-02,New York,167.05,Debit Card
BOOK1847,Honda,28,2023-05-08,2023-09-25,Houston,183.56,Online
BOOK1848,BMW,69,2023-02-07,2023-10-09,Phoenix,204.62,Debit Card
BOOK1849,Honda,42,2023-04-07,2023-06-05,Los Angeles,215.44,Online
BOOK1850,Tesla,48,2023-07-17,2023-03-25,Houston,77.15,Debit Card
BOOK1851,BMW,38,2023-07-11,2023-07-06,Los Angeles,388.12,Credit Card
BOOK1852,Honda,62,2023-12-23,2023-12-16,New York,201.71,Cash
BOOK1853,Tesla,68,2023-01-07,2023-05-20,Los Angeles,443.52,Cash
BOOK1854,Tesla,20,2023-02-13,2023-02-25,Los Angeles,,Online
BOOK1855,BMW,29,2023-11-28,2023-01-20,Phoenix,41.48,Cash
BOOK1856,Toyota,68,2023-01-07,2023-12-15,Los Angeles,494.6,Cash
BOOK1857,Toyota,57,2023-07-13,2023-12-13,Houston,363.71,Debit Card
BOOK1858,Tesla,63,2023-11-12,2023-09-25,Los Angeles,274.58,Credit Card
BOOK1859,Toyota,58,2023-01-01,2023-05-23,Chicago,213.08,Cash
BOOK1860,Tesla,42,2023-03-03,2023-11-13,Los Angeles,273.7,Credit Card
BOOK1861,Toyota,34,2023-12-09,2023-06-14,Chicago,182.57,Debit Card
BOOK1862,Tesla,55,2023-03-30,2023-09-10,Los Angeles,322.66,Debit Card
BOOK1863,Tesla,53,2023-01-18,2023-08-21,Los Angeles,73.7,Cash
BOOK1864,Tesla,53,2023-04-18,2023-10-25,Houston,321.93,Cash
BOOK1865,Tesla,36,2023-05-15,2023-12-30,Chicago,159.41,Debit Card
BOOK1866,Ford,61,2023-11-06,2023-03-02,Chicago,38.29,Debit Card
BOOK1867,Toyota,19,2023-03-08,2023-01-23,Phoenix,289.77,Online
BOOK1868,Tesla,34,2023-04-03,2023-05-07,Los Angeles,301.87,Online
BOOK1869,Honda,47,2023-05-18,2023-04-14,Los Angeles,230.49,Credit Card
BOOK1870,BMW,64,2023-07-08,2023-08-10,Houston,63.97,Debit Card
BOOK1871,Honda,27,2023-02-28,2023-04-21,Phoenix,449.87,Credit Card
BOOK1872,Honda,52,2023-07-06,2023-02-28,Phoenix,317.37,Debit Card
BOOK1873,Ford,69,2023-08-23,2023-03-07,Houston,84.39,Credit Card
BOOK1874,Toyota,53,2023-03-10,2023-02-28,Chicago,270.14,Online
BOOK1875,Ford,50,2023-04-08,2023-06-08,New York,,Debit Card
BOOK1876,Toyota,18,2023-01-08,2023-03-18,Houston,58.39,Debit Card
BOOK1877,Tesla,35,2023-11-07,2023-01-20,Chicago,315.22,Credit Card
BOOK1878,Ford,21,2023-05-14,2023-07-10,Phoenix,409.91,Credit Card
BOOK1879,BMW,64,2023-02-25,2023-09-08,Houston,382.03,Cash
BOOK1880,Toyota,44,2023-12-26,2023-12-27,New York,125.4,Cash
BOOK1881,Ford,42,2023-04-24,2023-12-30,Los Angeles,435.28,Online
BOOK1882,BMW,45,2023-03-29,2023-03-21,Houston,,Debit Card
BOOK1883,Honda,39,2023-05-18,2023-03-26,New York,474.86,Debit Card
BOOK1884,Tesla,59,2023-04-18,2023-06-22,New York,63.72,Credit Card
BOOK1885,Tesla,42,2023-01-23,2023-08-01,Houston,258.52,Online
BOOK1886,Honda,34,2023-05-24,2023-05-30,Chicago,310.65,Debit Card
BOOK1887,Ford,61,2023-12-23,2023-01-11,Houston,,Online
BOOK1888,Honda,69,2023-05-24,2023-01-31,Phoenix,392.55,Cash
BOOK1889,BMW,29,2023-02-25,2023-10-08,New York,324.64,Credit Card
BOOK1890,Toyota,33,2023-04-18,2023-02-25,New York,38.51,Debit Card
BOOK1891,Ford,54,2023-12-17,2023-12-27,Los Angeles,315.93,Credit Card
BOOK1892,Toyota,33,2023-01-06,2023-05-08,New York,260.99,Cash
BOOK1893,Honda,34,2023-01-30,2023-06-30,Los Angeles,122.13,Online
BOOK1894,Tesla,48,2023-11-03,2023-08-21,New York,498.0,Online
BOOK1895,Toyota,32,2023-12-28,2023-04-04,New York,451.67,Cash
BOOK1896,Toyota,30,2023-12-11,2023-01-09,Houston,167.48,Cash
BOOK1897,Tesla,57,2023-05-07,2023-09-05,Houston,284.3,Debit Card
BOOK1898,Toyota,44,2023-10-29,2023-11-28,Phoenix,178.76,Debit Card
BOOK1899,Toyota,38,2023-05-01,2023-07-16,Chicago,394.48,Debit Card
BOOK1900,Tesla,19,2023-04-09,2023-06-13,Phoenix,467.26,Debit Card
BOOK1901,Tesla,25,2023-06-15,2023-02-10,New York,198.65,Debit Card
BOOK1902,Honda,59,2023-11-21,2023-09-12,Phoenix,408.62,Online
BOOK1903,Honda,24,2023-11-15,2023-03-27,Houston,264.25,Debit Card
BOOK1904,Toyota,27,2023-08-29,2023-09-30,New York,216.39,Cash
BOOK1905,Ford,21,2023-02-19,2023-03-20,New York,471.06,Cash
BOOK1906,Honda,60,2023-09-25,2023-08-02,Phoenix,,Debit Card
BOOK1907,Honda,58,2023-11-21,2023-11-01,Los Angeles,249.68,Cash
BOOK1908,Ford,53,2023-03-14,2023-09-13,Chicago,346.04,Credit Card
BOOK1909,Ford,52,2023-10-27,2023-04-02,Phoenix,152.78,Online
BOOK1910,Tesla,60,2023-02-21,2023-07-13,Phoenix,182.65,Online
BOOK1911,Honda,20,2023-09-22,2023-09-11,Chicago,468.06,Debit Card
BOOK1912,BMW,35,2023-08-15,2023-10-06,New York,348.91,Credit Card
BOOK1913,BMW,68,2023-07-12,2023-05-24,New York,418.52,Debit Card
BOOK1914,Toyota,63,2023-08-27,2023-09-02,Los Angeles,157.42,Debit Card
BOOK1915,Honda,60,2023-01-10,2023-08-01,Phoenix,285.58,Cash
BOOK1916,BMW,41,2023-10-29,2023-07-15,Chicago,486.56,Online
BOOK1917,Honda,49,2023-12-25,2023-09-28,Phoenix,179.79,Credit Card
BOOK1918,Honda,51,2023-08-16,2023-11-26,Houston,105.42,Cash
BOOK1919,BMW,19,2023-10-20,2023-01-20,Phoenix,270.12,Online
BOOK1920,Honda,19,2023-02-21,2023-02-10,Phoenix,212.28,Online
BOOK1921,Ford,27,2023-08-28,2023-04-09,Houston,105.0,Debit Card
BOOK1922,Toyota,40,2023-04-09,2023-01-05,Houston,447.62,Credit Card
BOOK1923,Tesla,32,2023-03-22,2023-02-03,Chicago,495.64,Debit Card
BOOK1924,BMW,29,2023-01-13,2023-10-27,New York,297.23,Cash
BOOK1925,Tesla,60,2023-12-23,2023-06-15,Los Angeles,394.1,Debit Card
BOOK1926,Toyota,34,2023-05-08,2023-01-28,Houston,433.75,Debit Card
BOOK1927,Ford,35,2023-10-31,2023-06-23,New York,359.46,Online
BOOK1928,Ford,31,2023-01-11,2023-12-04,Chicago,50.75,Online
BOOK1929,Ford,34,2023-03-22,2023-04-24,Phoenix,104.09,Cash
BOOK1930,Ford,32,2023-09-18,2023-04-06,Chicago,63.36,Online
BOOK1931,BMW,29,2023-01-06,2023-11-16,Chicago,34.64,Online
BOOK1932,BMW,33,2023-08-10,2023-08-22,Houston,173.82,Online
BOOK1933,Honda,49,2023-10-25,2023-05-15,Los Angeles,214.41,Debit Card
BOOK1934,Honda,40,2023-03-22,2023-05-05,Houston,143.28,Credit Card
BOOK1935,Toyota,55,2023-01-03,2023-12-18,Phoenix,60.36,Cash
BOOK1936,Honda,51,2023-03-01,2023-11-20,Houston,279.04,Debit Card
BOOK1937,Toyota,51,2023-08-09,2023-12-20,Phoenix,158.46,Cash
BOOK1938,Toyota,33,2023-12-15,2023-04-27,Houston,404.14,Debit Card
BOOK1939,Toyota,51,2023-02-18,2023-01-14,Los Angeles,33.78,Cash
BOOK1940,Ford,57,2023-08-16,2023-11-17,New York,425.99,Online
BOOK1941,Tesla,24,2023-10-17,2023-06-15,Los Angeles,478.73,Cash
BOOK1942,Tesla,50,2023-10-20,2023-07-28,Houston,366.58,Credit Card
BOOK1943,BMW,21,2023-10-25,2023-03-27,Chicago,374.81,Cash
BOOK1944,Toyota,60,2023-07-12,2023-09-06,New York,468.77,Credit Card
BOOK1945,Ford,69,2023-09-14,2023-02-26,Chicago,128.26,Cash
BOOK1946,Honda,24,2023-04-13,2023-06-22,Los Angeles,497.45,Online
BOOK1947,Honda,35,2023-05-26,2023-05-22,New York,393.54,Cash
BOOK1948,BMW,21,2023-10-17,2023-05-13,Houston,371.49,Debit Card
BOOK1949,BMW,66,2023-09-14,2023-07-21,Chicago,199.71,Online
BOOK1950,Toyota,28,2023-11-05,2023-10-17,Houston,286.52,Online
BOOK1951,Toyota,60,2023-10-05,2023-11-06,Phoenix,337.34,Debit Card
BOOK1952,Honda,37,2023-07-08,2023-12-24,New York,321.56,Online
BOOK1953,Honda,28,2023-06-27,2023-12-12,Chicago,361.34,Online
BOOK1954,Honda,32,2023-01-16,2023-06-29,Los Angeles,68.72,Debit Card
BOOK1955,Honda,63,2023-03-27,2023-01-30,Los Angeles,197.15,Online
BOOK1956,Tesla,34,2023-09-05,2023-11-04,Los Angeles,233.98,Online
BOOK1957,Toyota,51,2023-08-05,2023-11-03,Los Angeles,152.5,Online
BOOK1958,Toyota,67,2023-02-11,2023-02-06,Chicago,111.13,Online
BOOK1959,Honda,65,2023-07-13,2023-04-20,Phoenix,,Cash
BOOK1960,Ford,29,2023-11-23,2023-11-13,Los Angeles,202.2,Online
BOOK1961,Honda,59,2023-06-12,2023-05-27,Los Angeles,261.92,Online
BOOK1962,BMW,45,2023-10-03,2023-10-04,Los Angeles,59.6,Online
BOOK1963,Ford,65,2023-12-30,2023-05-27,Phoenix,474.84,Cash
BOOK1964,BMW,52,2023-05-10,2023-06-18,New York,389.66,Credit Card
BOOK1965,Ford,25,2023-09-20,2023-09-15,Los Angeles,373.5,Online
BOOK1966,BMW,44,2023-06-26,2023-10-03,Los Angeles,111.24,Credit Card
BOOK1967,Honda,39,2023-09-22,2023-03-29,Los Angeles,313.79,Credit Card
BOOK1968,Honda,41,2023-01-27,2023-06-04,New York,278.97,Debit Card
BOOK1969,Ford,19,2023-03-26,2023-10-13,Los Angeles,491.76,Debit Card
BOOK1970,BMW,48,2023-07-15,2023-11-12,New York,381.41,Credit Card
BOOK1971,Tesla,39,2023-11-12,2023-11-16,New York,300.61,Cash
BOOK1972,Ford,18,2023-08-31,2023-04-09,Houston,429.88,Online
BOOK1973,Ford,31,2023-12-08,2023-07-31,Houston,102.89,Online
BOOK1974,Toyota,42,2023-06-26,2023-02-18,Los Angeles,37.15,Online
BOOK1975,Ford,53,2023-05-10,2023-11-15,Chicago,354.41,Debit Card
BOOK1976,Tesla,53,2023-05-25,2023-10-02,Houston,76.21,Debit Card
BOOK1977,Honda,58,2023-03-24,2023-07-14,Houston,84.25,Online
BOOK1978,BMW,20,2023-12-26,2023-09-10,Chicago,380.0,Credit Card
BOOK1979,Toyota,22,2023-03-29,2023-10-11,Phoenix,157.15,Debit Card
BOOK1980,BMW,18,2023-01-20,2023-09-20,Los Angeles,325.46,Online
BOOK1981,Honda,36,2023-08-18,2023-09-20,Phoenix,461.18,Credit Card
BOOK1982,Ford,50,2023-05-06,2023-02-01,Phoenix,178.74,Online
BOOK1983,Tesla,59,2023-12-20,2023-04-16,New York,132.06,Debit Card
BOOK1984,Toyota,47,2023-02-20,2023-12-17,New York,80.08,Cash
BOOK1985,Tesla,29,2023-03-29,2023-11-09,Los Angeles,91.32,Cash
BOOK1986,Tesla,27,2023-06-19,2023-06-19,Chicago,59.24,Debit Card
BOOK1987,Tesla,51,2023-03-04,2023-08-25,New York,71.19,Credit Card
BOOK1988,Tesla,33,2023-03-30,2023-10-02,Houston,233.04,Online
BOOK1989,Honda,57,2023-07-08,2023-12-10,Los Angeles,180.81,Debit Card
BOOK1990,Tesla,63,2023-07-09,2023-08-19,Phoenix,362.08,Credit Card
BOOK1991,Tesla,46,2023-03-30,2023-01-24,Los Angeles,439.01,Online
BOOK1992,Honda,32,2023-12-14,2023-06-14,New York,398.84,Online
BOOK1993,BMW,65,2023-11-28,2023-10-09,Chicago,279.4,Debit Card
BOOK1994,Honda,28,2023-01-26,2023-01-08,Phoenix,78.15,Online
BOOK1995,Ford,61,2023-06-25,2023-07-30,Chicago,363.59,Cash
BOOK1996,Honda,51,2023-12-30,2023-09-11,Los Angeles,200.53,Cash
BOOK1997,BMW,53,2023-09-21,2023-05-14,Chicago,70.26,Online
BOOK1998,Ford,47,2023-02-11,2023-10-02,Chicago,425.96,Debit Card
BOOK1999,Ford,52,2023-04-29,2023-04-17,Los Angeles,188.96,Online
BOOK1049,Toyota,51,2023-05-17,2023-08-14,Houston,40.35,Debit Card
BOOK1518,Tesla,18,2023-11-28,2023-03-20,Chicago,394.16,Cash
BOOK1726,Tesla,47,2023-06-15,2023-05-19,New York,257.23,Debit Card
BOOK1443,BMW,50,2023-06-30,2023-06-25,New York,57.33,Cash
BOOK1906,Honda,60,2023-09-25,2023-08-02,Phoenix,,Debit Card
BOOK1493,Ford,39,2023-03-02,2023-11-08,New York,297.13,Credit Card
BOOK1928,Ford,31,2023-01-11,2023-12-04,Chicago,50.75,Online
BOOK1810,Honda,53,2023-12-27,2023-08-16,Chicago,54.94,Debit Card
BOOK1755,Toyota,59,2023-12-16,2024-01-01,Phoenix,342.18,Credit Card
BOOK1988,Tesla,33,2023-03-30,2023-10-02,Houston,233.04,Online
BOOK1733,Tesla,67,2023-12-25,2023-09-01,Chicago,169.66,Credit Card
BOOK1296,Ford,28,2023-07-22,2023-08-10,New York,,Online
BOOK1389,Tesla,21,2023-06-05,2023-08-09,Houston,,Online
BOOK1741,Honda,24,2023-09-13,2023-04-17,Chicago,438.65,Credit Card
BOOK1769,Tesla,65,2023-07-11,2023-04-24,Los Angeles,244.43,Debit Card
BOOK1231,Honda,43,2023-12-06,2023-05-27,Phoenix,111.3,Credit Card
BOOK1572,BMW,49,2023-04-04,2023-02-06,Phoenix,142.64,Cash
BOOK1676,Toyota,50,2023-08-08,2023-02-12,Phoenix,63.32,Credit Card
BOOK1854,Tesla,20,2023-02-13,2023-02-25,Los Angeles,,Online
BOOK1377,Honda,63,2023-05-19,2023-07-06,Phoenix,477.16,Debit Card
BOOK1668,Tesla,37,2023-09-15,2023-12-02,Chicago,375.62,Online
BOOK1830,BMW,27,2023-06-08,2023-10-25,Phoenix,363.29,Cash
BOOK1776,BMW,56,2023-06-18,2023-09-13,New York,222.3,Credit Card
BOOK1297,Toyota,28,2023-06-19,2023-09-20,Phoenix,268.44,Online
BOOK1712,Honda,34,2023-07-23,2023-07-27,Houston,336.68,Debit Card
